{
  "mae": 3.247121282800152,
  "r2": 0.9801600631088395,
  "n_eval": 1200
}